filename,mfcc1,mfcc2,mfcc3,mfcc4,mfcc5,mfcc6,mfcc7,mfcc8,mfcc9,mfcc10,mfcc11,mfcc12,mfcc13,mfcc14,mfcc15,mfcc16,mfcc17,mfcc18,mfcc19,mfcc20,mfcc21,mfcc22,mfcc23,mfcc24,mfcc25,mfcc26,mfcc27,mfcc28,mfcc29,mfcc30,mfcc31,mfcc32,mfcc33,mfcc34,mfcc35,mfcc36,mfcc37,mfcc38,mfcc39,mfcc40,label
Signal,-400.3387756347656,123.86439514160156,68.91381072998047,38.0832405090332,20.859060287475586,17.062950134277344,6.110452651977539,7.379202365875244,5.605080604553223,4.627872943878174,1.8665423393249512,-1.1976932287216187,-0.02823166362941265,0.5178166031837463,-2.0361993312835693,-1.4915958642959595,-2.398747444152832,-2.2665598392486572,-2.2862844467163086,-1.3491840362548828,-2.996540069580078,-3.3826441764831543,-1.9763137102127075,-2.0574753284454346,-1.1608015298843384,-0.8082221150398254,-3.360161066055298,-6.5554046630859375,-8.947750091552734,-9.925741195678711,-11.88167953491211,-11.488299369812012,-9.558107376098633,-5.604614734649658,-3.1734225749969482,-3.7906928062438965,-2.109483242034912,-2.037715196609497,-2.256413221359253,-2.444072961807251
