filename,mfcc1,mfcc2,mfcc3,mfcc4,mfcc5,mfcc6,mfcc7,mfcc8,mfcc9,mfcc10,mfcc11,mfcc12,mfcc13,mfcc14,mfcc15,mfcc16,mfcc17,mfcc18,mfcc19,mfcc20,mfcc21,mfcc22,mfcc23,mfcc24,mfcc25,mfcc26,mfcc27,mfcc28,mfcc29,mfcc30,mfcc31,mfcc32,mfcc33,mfcc34,mfcc35,mfcc36,mfcc37,mfcc38,mfcc39,mfcc40,label
Signal,-409.5826110839844,125.24327087402344,87.85151672363281,60.24763107299805,37.45040512084961,28.289104461669922,14.561573028564453,9.18111801147461,4.173230171203613,0.4188176989555359,-2.443117618560791,-5.991878509521484,-6.029242038726807,-3.659860134124756,-4.776246070861816,-4.204868793487549,-3.883617401123047,-3.723581075668335,-3.864786148071289,-1.3062949180603027,-2.7842588424682617,-4.490468502044678,-4.7781548500061035,-4.724720478057861,-6.779715061187744,-4.350017070770264,-2.170391082763672,-3.9740517139434814,-5.272389888763428,-4.363724708557129,-1.5641396045684814,-2.7445802688598633,-4.729097843170166,-4.04267692565918,-2.7481460571289062,-3.2197182178497314,-2.9962470531463623,-2.0099945068359375,-2.202791213989258,-2.9056882858276367
