filename,mfcc1,mfcc2,mfcc3,mfcc4,mfcc5,mfcc6,mfcc7,mfcc8,mfcc9,mfcc10,mfcc11,mfcc12,mfcc13,mfcc14,mfcc15,mfcc16,mfcc17,mfcc18,mfcc19,mfcc20,mfcc21,mfcc22,mfcc23,mfcc24,mfcc25,mfcc26,mfcc27,mfcc28,mfcc29,mfcc30,mfcc31,mfcc32,mfcc33,mfcc34,mfcc35,mfcc36,mfcc37,mfcc38,mfcc39,mfcc40,label
Signal,-356.3981018066406,123.96577453613281,47.594852447509766,20.837238311767578,7.697841167449951,6.763443946838379,-0.46861496567726135,3.3309571743011475,-0.775359034538269,-0.16149716079235077,0.2566247582435608,-0.11235372722148895,-0.635543942451477,-2.195582389831543,-2.227104663848877,-3.3348822593688965,-2.659569263458252,-2.6283414363861084,-1.1632628440856934,-2.099848508834839,-4.426159381866455,-4.562137126922607,-3.30814528465271,-3.1256511211395264,-2.3949708938598633,-2.929997682571411,-2.9218692779541016,-2.354900360107422,-1.773395299911499,-3.819345235824585,-7.382424354553223,-8.602519035339355,-6.895585060119629,-4.420719146728516,-2.2948074340820312,-3.6691887378692627,-4.3942365646362305,-2.3581032752990723,-1.2160545587539673,-2.043280839920044
