filename,mfcc1,mfcc2,mfcc3,mfcc4,mfcc5,mfcc6,mfcc7,mfcc8,mfcc9,mfcc10,mfcc11,mfcc12,mfcc13,mfcc14,mfcc15,mfcc16,mfcc17,mfcc18,mfcc19,mfcc20,mfcc21,mfcc22,mfcc23,mfcc24,mfcc25,mfcc26,mfcc27,mfcc28,mfcc29,mfcc30,mfcc31,mfcc32,mfcc33,mfcc34,mfcc35,mfcc36,mfcc37,mfcc38,mfcc39,mfcc40,label
Signal,-430.5855407714844,106.15641784667969,65.3803939819336,37.981239318847656,19.569345474243164,12.797683715820312,7.586235046386719,5.441812038421631,1.1045196056365967,-1.2877836227416992,-1.7211993932724,-3.23018217086792,-3.2267448902130127,-2.6472363471984863,-2.5089733600616455,-2.2612242698669434,-3.410003185272217,-1.9113575220108032,-2.8136868476867676,-1.2745957374572754,-1.4718220233917236,-1.3498938083648682,-2.8963754177093506,-2.2287330627441406,-0.2811298370361328,0.6258111000061035,-0.8333213925361633,-3.8684756755828857,-6.279852867126465,-8.130769729614258,-9.397855758666992,-8.444256782531738,-6.696673393249512,-4.111162185668945,-3.330946683883667,-2.5354621410369873,-1.206710934638977,-1.9056812524795532,-2.001664400100708,-1.6983848810195923
